12345678Y;Roberto Manuel;Ochoa Valcarce;
23432123Z;Jennifer Eulalia;Piñeiro Rouresdelvall;
43217345T;Antón;Figueirido Rodríguez;
12834572W;Sofía ;Casanova Canicouva;
75342314E;Pedro;Ferreiro Pimentel;
23432356G;Xosé María;Filgueira Rois;
54327324D;Roi;Pita Nostián;
12347424S;Rosa;Malpica Dozón;
43628435R;Dalia Ester;Blanco Loureda;
19456348C;Sabela;Morgade Cendón;
32843524Z;Jon;Azcoitia Caamaño;
45342367K;Maite;Urrutia Castro;
12346457M;Luz;Castelo Ulloa;
45385676F;Uxia;Nogueira Carballo;
54675423X;Iago;Aspas Maside;
