000000000;zzzzzzzzzzzzzzzz;xxxxxxxxxxxxx;
000000000;zzzzzzzzzzzzzzzz;xxxxxxxxxxxxx;
000000000;zzzzzzzzzzzzzzzz;xxxxxxxxxxxxx;
000000000;zzzzzzzzzzzzzzzz;xxxxxxxxxxxxx;
000000000;zzzzzzzzzzzzzzzz;xxxxxxxxxxxxx;
000000000;zzzzzzzzzzzzzzzz;xxxxxxxxxxxxx;
000000000;zzzzzzzzzzzzzzzz;xxxxxxxxxxxxx;
000000000;zzzzzzzzzzzzzzzz;xxxxxxxxxxxxx;
000000000;zzzzzzzzzzzzzzzz;xxxxxxxxxxxxx;
000000000;zzzzzzzzzzzzzzzz;xxxxxxxxxxxxx;
000000000;zzzzzzzzzzzzzzzz;xxxxxxxxxxxxx;
000000000;zzzzzzzzzzzzzzzz;xxxxxxxxxxxxx;
000000000;zzzzzzzzzzzzzzzz;xxxxxxxxxxxxx;
000000000;zzzzzzzzzzzzzzzz;xxxxxxxxxxxxx;
000000000;zzzzzzzzzzzzzzzz;xxxxxxxxxxxxx;
